Model Utility,Forget Quality
25.147965658827925,-0.03381903541033557
25.156370265343327,-0.03381903541033557
25.091132583693184,-0.0022916473281556294
25.120230596775915,-4.743715090581517e-06
