Model Utility,Forget Quality
30.28395739803229,-4.743715090581517e-06
30.811515240759825,-0.03381903541033557
31.694284366755596,-1.0880185641326594e-14
31.047423245614034,-1.0880185641326594e-14
